sheet_row,business_name,city
174,Geosyntec Consultants,Chattanooga
175,Terracon Consultants Inc.,Chattanooga
176,"ECS Southeast, LLC",Chattanooga
177,UES (Chattanooga Area / Ooltewah),Ooltewah
183,Stock'd Supply (BlackHawk Industrial),Chattanooga
187,Camping World Chattanooga,Chattanooga
190,Skier's Marine – Chattanooga,Chattanooga
191,MarineMax Chattanooga,Chattanooga
195,LabCorp – Chattanooga (E 3rd St),Chattanooga
196,Quest Diagnostics – Holtzclaw Ave,Chattanooga
200,Wilder Animal Care (Mobile Vet House Calls),Signal Mountain
202,Safe and Sound Security,Chattanooga
205,Five Star Breaktime Solutions (Canteen),Chattanooga
206,Cintas Uniform Services,Chattanooga
207,Alsco Uniforms,Chattanooga
209,CSL Plasma,Chattanooga
210,Octapharma Plasma,Chattanooga
211,Chattanooga Times Free Press (WEHCO Media),Chattanooga
215,G & P Masonry Inc.,Chattanooga
216,A&D Masonry,Chattanooga
217,Masonry Specialist Corporation,Chattanooga
218,All About Concrete & Masonry,Ooltewah
219,"J&J Premier Painting, Inc.",Chattanooga
220,Chattanooga Garage Door,Chattanooga
221,Northgate Doors Inc.,Chattanooga
222,Access Garage Door & More,Hixson
223,Overhead Door Company of Chattanooga,Chattanooga
224,AFS Foundation & Waterproofing Specialists (Groundworks),Chattanooga
225,American Foundation Repair & Basement Waterproofing,Chattanooga
226,58 Foundations & Waterproofing,Chattanooga
227,Chattanooga Foundation Repair LLC,Chattanooga
228,Lewis Foundation Repair (Lewis Construction & Waterproofing),Soddy-Daisy
229,Chattanooga Flooring Center,Chattanooga
230,Ooltewah Flooring Gallery,Ooltewah
231,Tri State Flooring,Signal Mountain
232,RSW Chattanooga,Chattanooga
233,31W Insulation,Chattanooga
234,USA Insulation of Chattanooga,Chattanooga
235,Breeding Insulation Company,Chattanooga
236,SC Electric,Hixson
237,Tower Services Inc,Hixson
238,North River Electric,Hixson
239,"American Air HVAC, Inc.",Ooltewah
240,"Lee Roofing, LLC",Chattanooga
241,"One Source Heating, Cooling, Electrical & Plumbing",Chattanooga
242,423 HVAC,Hixson
243,Action Air,Hixson
244,Jess Kerley Heating and Air Electrical,Hixson
245,Boundless Moving & Storage,Hixson
246,Tri-State Pools Hixson,Hixson
247,River City Pool & Spa,Hixson
248,P&S Plumbing,Soddy-Daisy
249,Precise Plumbing,Soddy-Daisy
250,Romero Roofing and Services,Soddy-Daisy
251,VLR Homes LLC,Soddy-Daisy
252,Legacy Funeral Home & Cremation Center,Soddy-Daisy
253,Williamson & Sons Funeral Home,Soddy-Daisy
254,Storage Works,Soddy-Daisy
255,Twin City Self Storage,Soddy-Daisy
256,Tennessee Valley Excavation,Ooltewah
257,Ooltewah Veterinary Hospital,Ooltewah
258,Ooltewah Animal Clinic,Ooltewah
259,Animal Medical Professionals (AMP),Ooltewah
260,Northwest Exterminating,Ooltewah
261,"Wolftever Dental (Brooks Pruehs, DDS)",Ooltewah
262,Tedford Family Dentistry,Ooltewah
263,Red Bank Electric,Red Bank
264,Red Bank Auto Electric Inc,Red Bank
265,Galloway's Lawn Service,Red Bank
266,Broome's Wrecker Service,East Ridge
267,East Ridge Fast Lube,East Ridge
268,East Ridge Auto Electric Company,East Ridge
269,Physicians Care East Ridge (Urgent Team),East Ridge
270,McKee Foods Transportation LLC,Collegedale
271,8 Point Trucking,Collegedale
272,Teddys Transportation LLC,Collegedale
273,"Varnell Construction Company, Inc.",Harrison
274,Wall Construction Co,Harrison
275,Tallent Construction,Harrison
276,Harrison Bay Boat & RV Storage,Harrison
277,Island Cove Marina,Harrison
278,"Signal Mountain Electric, LLC",Signal Mountain
279,Broadway Electric Service Corp,Signal Mountain
280,Marispan Property Management,Signal Mountain
281,Walden Plumbing Company,Walden
282,Walden Ridge Service Station,Walden
283,Parham Landscaping,Lookout Mountain
284,Tree Busters Tree Service,Sale Creek
285,Conley Towing,Hixson
286,Gudel's Garage and Towing,Hixson
287,Maxi Auto Service (Hixson),Hixson
288,"Tennessee Roofing & Construction, Inc.",Hixson
289,HEP Is On The Way,Hixson
290,L&B Lawn & Landscaping,Hixson
291,Northwest Exterminating (Hixson),Hixson
292,Peak Pest Control,Hixson
293,Harvey's Plumbing,Hixson
294,Precise Plumbing (Hixson),Hixson
295,Ray's Plumbing,Hixson
296,Hixson Pike Dental,Hixson
297,True Dental - Hixson,Hixson
298,North River Church,Hixson
299,Christian Brothers Automotive Hixson,Hixson
300,Graham Auto Repair,Hixson
301,S&S Auto Repair,Hixson
302,Protech Automotive,Hixson
303,Hixson Auto Sales,Hixson
304,Car-Mart of Hixson,Hixson
305,Motivated Movers,Hixson
306,WesHauls,Hixson
307,Home Pros Painting,Hixson
308,Chattanooga Paint & Decorating,Hixson
309,Lawson Electric Co,Hixson
310,Grant-Neil Electric,Hixson
311,Physicians Care Walk-in Clinic - Hixson,Hixson
312,Hixson Elementary School,Hixson
313,Hawaiian Bros,Hixson
314,Chicken Salad Chick - Hixson,Hixson
315,Bibas Italian Restaurant,Hixson
316,Integrity Service Heating & Cooling LLC,Soddy-Daisy
317,Soddy Daisy MountainView Heating & Cooling,Soddy-Daisy
318,All Around Heating and Air,Soddy-Daisy
319,Elite Heating & Air,Soddy-Daisy
320,Allied Electrical & Control,Soddy-Daisy
321,Cordell's Electric,Soddy-Daisy
322,Crider Landscaping,Soddy-Daisy
323,Nooga Lawn and Landscaping,Soddy-Daisy
324,L H Lewis Tree Service,Soddy-Daisy
325,S & H Tree Service,Soddy-Daisy
326,Manzano Masonry,Soddy-Daisy
327,Nooga Door Company,Soddy-Daisy
328,Hazelwood Painting,Soddy-Daisy
329,Chattanooga Professional Painters,Soddy-Daisy
330,Wilkey Roofing,Soddy-Daisy
331,Petra Roofing & Siding,Soddy-Daisy
332,Harbor Lights Marina,Soddy-Daisy
333,Daisy Feed & Seed Company,Soddy-Daisy
334,Tractor Supply Co. #176,Soddy-Daisy
335,R&A Catering,Soddy-Daisy
336,Shuford's Smokehouse,Soddy-Daisy
337,"Soddy Daisy Speed Shop and Auto Repair, LLC",Soddy-Daisy
338,Andy's Automotive,Soddy-Daisy
339,ETN Cleaning Services,Soddy-Daisy
340,First Presbyterian Church (Soddy-Daisy),Soddy-Daisy
341,Daisy Church of God,Soddy-Daisy
342,Soddy Church of Christ,Soddy-Daisy
343,Holy Spirit Catholic Church,Soddy-Daisy
344,Soddy Daisy First Baptist Church,Soddy-Daisy
345,Soddy Daisy Smiles (Drs. Mandy & Robert Shearer),Soddy-Daisy
346,Northpoint Dental Company,Soddy-Daisy
347,Fast Pace Health Urgent Care (Soddy-Daisy),Soddy-Daisy
348,Sto A Way Storage (U-Haul Neighborhood Dealer),Soddy-Daisy
349,Collegedale Exxon,Collegedale
350,Southern Auto Care,Collegedale
351,Life Care Center of Collegedale,Collegedale
352,Southern Adventist University – Plant Services / Transportation,Collegedale
353,Southern Adventist University – Dining Services,Collegedale
354,Collegedale Academy,Collegedale
355,Kiddie Kampus,Collegedale
356,McKee Foods Bakery Store (Little Debbie Bakery Store),Collegedale
357,Village Market,Collegedale
358,College Press (CP Publishing LLC),Collegedale
359,Collegedale Quick Print,Collegedale
360,"Solutions Pharmacy, Inc.",Collegedale
361,"Collegedale Medical Center, PC (Dr. David Winters, DO)",Collegedale
362,Collegedale Credit Union,Collegedale
363,Joy Chiropractic Clinic,Collegedale
364,Collegedale Coin Laundry,Collegedale
365,T.H.I. Electrical Contractors LLC,Signal Mountain
366,"Mountain City Service, Inc. (HVAC & Plumbing)",Signal Mountain
367,"D & G Roofing Specialists, LLC",Signal Mountain
368,Signal Tree and Dirt Services,Signal Mountain
369,Signal Mountain Nursery,Signal Mountain
370,Signal Pest Control (Signal Mountain Pest Control),Signal Mountain
371,Signal Mountain Cleaners,Signal Mountain
372,CR Paint Inc,Signal Mountain
373,Elder's Ace Hardware,Signal Mountain
374,Mountain Service Imports,Signal Mountain
375,Maples Automotive,Signal Mountain
376,"Welch Dental Center, PLLC",Signal Mountain
377,Sawrie Family Dentistry,Signal Mountain
378,Gipsy Gourmet Catering,Signal Mountain
379,Pruett's Market,Signal Mountain
380,Educare Day Care & Learning Center,Signal Mountain
381,Signal Mountain Presbyterian Church,Signal Mountain
382,Lookout Mountain Dental,Lookout Mountain
383,Market on the Mountain,Lookout Mountain
384,Woodall Agency Insurance,Lookout Mountain
385,Lookout Mountain Presbyterian Church,Lookout Mountain
386,Christ Reformed Baptist Church,Lookout Mountain
387,Church of the Good Shepherd (Episcopal) / Good Shepherd School,Lookout Mountain
